tweet_id,name,user_id,screen_name,text,url,html
1630682280325959685,青柳 匠海 @2/28「イマジネーション」歌ってみた🆕,3763097772,nagi_hoshiful,"【歌ってみた】🆕

「イマジネーション」SPYAIR

https://t.co/1rPLhxia2H

聴いて頂けましたら幸いです

みなさんの大切な時間

少し分けて下さい

#イラスト 
#歌ってみた… https://t.co/A6qJvnH5zv",https://t.co/1qrPcelPBz,"<blockquote class=""twitter-tweet"" align=""center"" data-width=""300"" data-lang=""ja"" data-theme=""dark""><p lang=""ja"" dir=""ltr"">【歌ってみた】🆕<br><br>「イマジネーション」SPYAIR<a href=""https://t.co/1rPLhxia2H"">https://t.co/1rPLhxia2H</a><br><br>聴いて頂けましたら幸いです<br><br>みなさんの大切な時間<br><br>少し分けて下さい<a href=""https://twitter.com/hashtag/%E3%82%A4%E3%83%A9%E3%82%B9%E3%83%88?src=hash&amp;ref_src=twsrc%5Etfw"">#イラスト</a> <a href=""https://twitter.com/hashtag/%E6%AD%8C%E3%81%A3%E3%81%A6%E3%81%BF%E3%81%9F?src=hash&amp;ref_src=twsrc%5Etfw"">#歌ってみた</a> <a href=""https://twitter.com/hashtag/%E7%B5%B5%E6%8F%8F%E3%81%8D%E3%81%95%E3%82%93%E3%81%A8%E7%B9%8B%E3%81%8C%E3%82%8A%E3%81%9F%E3%81%84?src=hash&amp;ref_src=twsrc%5Etfw"">#絵描きさんと繋がりたい</a> <a href=""https://twitter.com/hashtag/%E6%AD%8C%E3%81%84%E6%89%8B%E3%81%95%E3%82%93MIX%E5%B8%AB%E3%81%95%E3%82%93%E7%B5%B5%E5%B8%AB%E3%81%95%E3%82%93%E5%8B%95%E7%94%BB%E5%B8%AB%E3%81%95%E3%82%93P%E3%81%95%E3%82%93%E3%81%A8%E7%B9%8B%E3%81%8C%E3%82%8A%E3%81%9F%E3%81%84?src=hash&amp;ref_src=twsrc%5Etfw"">#歌い手さんMIX師さん絵師さん動画師さんPさんと繋がりたい</a> <br><br>【本家様】<a href=""https://t.co/uUyiUT2pb8"">https://t.co/uUyiUT2pb8</a></p>&mdash; 青柳 匠海 @2/28「イマジネーション」歌ってみた🆕 (@nagi_hoshiful) <a href=""https://twitter.com/nagi_hoshiful/status/1630682280325959685?ref_src=twsrc%5Etfw"">2023年2月28日</a></blockquote>
<script async src=""https://platform.twitter.com/widgets.js"" charset=""utf-8""></script>
"
1630559059454889985,Misato,1515934183017050116,otoasobi_misato,"『マーシャル・マキシマイザー』歌ってみた。
よかったら聴いてください～🙇‍♂️

full:https://t.co/rAgIJyvxsx

#歌い手さんMIX師さん絵師さん動画師さんPさんと繋がりたい #MIX師 #歌ってみた https://t.co/29DBGxs0r4",https://t.co/rMMxhhzUMU,"<blockquote class=""twitter-tweet"" align=""center"" data-width=""300"" data-lang=""ja"" data-theme=""dark""><p lang=""ja"" dir=""ltr"">『マーシャル・マキシマイザー』歌ってみた。<br>よかったら聴いてください～🙇‍♂️<br><br>full:<a href=""https://t.co/rAgIJyvxsx"">https://t.co/rAgIJyvxsx</a><a href=""https://twitter.com/hashtag/%E6%AD%8C%E3%81%84%E6%89%8B%E3%81%95%E3%82%93MIX%E5%B8%AB%E3%81%95%E3%82%93%E7%B5%B5%E5%B8%AB%E3%81%95%E3%82%93%E5%8B%95%E7%94%BB%E5%B8%AB%E3%81%95%E3%82%93P%E3%81%95%E3%82%93%E3%81%A8%E7%B9%8B%E3%81%8C%E3%82%8A%E3%81%9F%E3%81%84?src=hash&amp;ref_src=twsrc%5Etfw"">#歌い手さんMIX師さん絵師さん動画師さんPさんと繋がりたい</a> <a href=""https://twitter.com/hashtag/MIX%E5%B8%AB?src=hash&amp;ref_src=twsrc%5Etfw"">#MIX師</a> <a href=""https://twitter.com/hashtag/%E6%AD%8C%E3%81%A3%E3%81%A6%E3%81%BF%E3%81%9F?src=hash&amp;ref_src=twsrc%5Etfw"">#歌ってみた</a> <a href=""https://t.co/29DBGxs0r4"">pic.twitter.com/29DBGxs0r4</a></p>&mdash; Misato (@otoasobi_misato) <a href=""https://twitter.com/otoasobi_misato/status/1630559059454889985?ref_src=twsrc%5Etfw"">2023年2月28日</a></blockquote>
<script async src=""https://platform.twitter.com/widgets.js"" charset=""utf-8""></script>
"
1630549508391313408,V.M.OG(Ginryu),228986762,V_M_OG,"『シャンティ(SHANTI) 歌ってみた / Ginryu』

Music : wotaku様

Vocal, Chorus, Mix : Ginryu

フルはこちら↓
https://t.co/TRoYq599A2… https://t.co/4FzzMr8uHy",https://t.co/hdkoPFFKly,"<blockquote class=""twitter-tweet"" align=""center"" data-width=""300"" data-lang=""ja"" data-theme=""dark""><p lang=""ja"" dir=""ltr"">『シャンティ(SHANTI) 歌ってみた / Ginryu』<br><br>Music : wotaku様<br><br>Vocal, Chorus, Mix : Ginryu<br><br>フルはこちら↓<a href=""https://t.co/TRoYq599A2"">https://t.co/TRoYq599A2</a><a href=""https://twitter.com/hashtag/%E6%AD%8C%E3%81%A3%E3%81%A6%E3%81%BF%E3%81%9F?src=hash&amp;ref_src=twsrc%5Etfw"">#歌ってみた</a> <a href=""https://twitter.com/hashtag/%E6%AD%8C%E3%81%84%E6%89%8B%E3%81%95%E3%82%93MIX%E5%B8%AB%E3%81%95%E3%82%93%E7%B5%B5%E5%B8%AB%E3%81%95%E3%82%93%E5%8B%95%E7%94%BB%E5%B8%AB%E3%81%95%E3%82%93P%E3%81%95%E3%82%93%E3%81%A8%E7%B9%8B%E3%81%8C%E3%82%8A%E3%81%9F%E3%81%84?src=hash&amp;ref_src=twsrc%5Etfw"">#歌い手さんMIX師さん絵師さん動画師さんPさんと繋がりたい</a> <a href=""https://t.co/Iiun1vfjJ2"">pic.twitter.com/Iiun1vfjJ2</a></p>&mdash; V.M.OG(Ginryu) (@V_M_OG) <a href=""https://twitter.com/V_M_OG/status/1630549508391313408?ref_src=twsrc%5Etfw"">2023年2月28日</a></blockquote>
<script async src=""https://platform.twitter.com/widgets.js"" charset=""utf-8""></script>
"
1630545856016334850,トキトウメイ。|歌い手,1409684570794913795,tokitoumei,"生活は簡単じゃないね　【歌ってみた】

初めまして、こんな歌声してます。
F→ https://t.co/361rbGIqL6

#歌ってみた 　
#拡散希望
#RTした人フォローする… https://t.co/6ZSsKlLItA",https://t.co/9iRRSisXcz,"<blockquote class=""twitter-tweet"" align=""center"" data-width=""300"" data-lang=""ja"" data-theme=""dark""><p lang=""ja"" dir=""ltr"">生活は簡単じゃないね　【歌ってみた】<br><br>初めまして、こんな歌声してます。<br>F→ <a href=""https://t.co/361rbGIqL6"">https://t.co/361rbGIqL6</a><a href=""https://twitter.com/hashtag/%E6%AD%8C%E3%81%A3%E3%81%A6%E3%81%BF%E3%81%9F?src=hash&amp;ref_src=twsrc%5Etfw"">#歌ってみた</a> 　<a href=""https://twitter.com/hashtag/%E6%8B%A1%E6%95%A3%E5%B8%8C%E6%9C%9B?src=hash&amp;ref_src=twsrc%5Etfw"">#拡散希望</a><a href=""https://twitter.com/hashtag/RT%E3%81%97%E3%81%9F%E4%BA%BA%E3%83%95%E3%82%A9%E3%83%AD%E3%83%BC%E3%81%99%E3%82%8B?src=hash&amp;ref_src=twsrc%5Etfw"">#RTした人フォローする</a> <a href=""https://twitter.com/hashtag/%E6%AD%8C%E3%81%84%E6%89%8B%E3%81%95%E3%82%93MIX%E5%B8%AB%E3%81%95%E3%82%93%E7%B5%B5%E5%B8%AB%E3%81%95%E3%82%93%E5%8B%95%E7%94%BB%E5%B8%AB%E3%81%95%E3%82%93P%E3%81%95%E3%82%93%E3%81%A8%E7%B9%8B%E3%81%8C%E3%82%8A%E3%81%9F%E3%81%84?src=hash&amp;ref_src=twsrc%5Etfw"">#歌い手さんMIX師さん絵師さん動画師さんPさんと繋がりたい</a> <a href=""https://t.co/OAiBzDIYTH"">pic.twitter.com/OAiBzDIYTH</a></p>&mdash; トキトウメイ。|歌い手 (@tokitoumei) <a href=""https://twitter.com/tokitoumei/status/1630545856016334850?ref_src=twsrc%5Etfw"">2023年2月28日</a></blockquote>
<script async src=""https://platform.twitter.com/widgets.js"" charset=""utf-8""></script>
"
1630871499589468163,涼海ネモ🌚ひよクロ,1445646752430784519,Nemo_Suzumi,"◇#shorts 動画投稿のお知らせ◇

【不可幸力 / cover】

Vaundyさんの不可幸力をcoverシマシタ。

▽クリック▽click▽
https://t.co/SZGEcC6TEm

ハモったし、こだわったから… https://t.co/lAwvunIAsC",https://t.co/aW1gt1rgYd,"<blockquote class=""twitter-tweet"" align=""center"" data-width=""300"" data-lang=""ja"" data-theme=""dark""><p lang=""ja"" dir=""ltr"">◇<a href=""https://twitter.com/hashtag/shorts?src=hash&amp;ref_src=twsrc%5Etfw"">#shorts</a> 動画投稿のお知らせ◇<br><br>【不可幸力 / cover】<br><br>Vaundyさんの不可幸力をcoverシマシタ。<br><br>▽クリック▽click▽<a href=""https://t.co/SZGEcC6TEm"">https://t.co/SZGEcC6TEm</a><br><br>ハモったし、こだわったから<br>いつも以上に聴いてほしいshort動画です…！<br>Commentしてね。ぼく、待ってるから🌚<a href=""https://twitter.com/hashtag/Vsinger?src=hash&amp;ref_src=twsrc%5Etfw"">#Vsinger</a> <a href=""https://twitter.com/hashtag/%E6%AD%8C%E3%81%A3%E3%81%A6%E3%81%BF%E3%81%9F?src=hash&amp;ref_src=twsrc%5Etfw"">#歌ってみた</a> <a href=""https://t.co/lkYZLTRiOz"">pic.twitter.com/lkYZLTRiOz</a></p>&mdash; 涼海ネモ🌚ひよクロ (@Nemo_Suzumi) <a href=""https://twitter.com/Nemo_Suzumi/status/1630871499589468163?ref_src=twsrc%5Etfw"">2023年3月1日</a></blockquote>
<script async src=""https://platform.twitter.com/widgets.js"" charset=""utf-8""></script>
"
1630855680948330496,ぷりぷら -PRINCE PLANET-,1563135588395786245,PRINCE__PLANET,"【動画投稿】

かっこかわいく「可愛くてごめん」歌ってみた！！

YouTube
https://t.co/IQguHr4o1G

TikTok
https://t.co/JrANd7qsKL

#ぷりぷら 
#歌ってみた… https://t.co/Kdq444EwlP",https://t.co/D0SMZV4DHN,"<blockquote class=""twitter-tweet"" align=""center"" data-width=""300"" data-lang=""ja"" data-theme=""dark""><p lang=""ja"" dir=""ltr"">【動画投稿】<br><br>かっこかわいく「可愛くてごめん」歌ってみた！！<br><br>YouTube<a href=""https://t.co/IQguHr4o1G"">https://t.co/IQguHr4o1G</a><br><br>TikTok<a href=""https://t.co/JrANd7qsKL"">https://t.co/JrANd7qsKL</a><a href=""https://twitter.com/hashtag/%E3%81%B7%E3%82%8A%E3%81%B7%E3%82%89?src=hash&amp;ref_src=twsrc%5Etfw"">#ぷりぷら</a> <a href=""https://twitter.com/hashtag/%E6%AD%8C%E3%81%A3%E3%81%A6%E3%81%BF%E3%81%9F?src=hash&amp;ref_src=twsrc%5Etfw"">#歌ってみた</a> <a href=""https://twitter.com/hashtag/%E6%96%B0%E4%BA%BA%E6%AD%8C%E3%81%84%E6%89%8B%E3%82%B0%E3%83%AB%E3%83%BC%E3%83%97?src=hash&amp;ref_src=twsrc%5Etfw"">#新人歌い手グループ</a> <a href=""https://t.co/PvoDmlWllH"">pic.twitter.com/PvoDmlWllH</a></p>&mdash; ぷりぷら -PRINCE PLANET- (@PRINCE__PLANET) <a href=""https://twitter.com/PRINCE__PLANET/status/1630855680948330496?ref_src=twsrc%5Etfw"">2023年3月1日</a></blockquote>
<script async src=""https://platform.twitter.com/widgets.js"" charset=""utf-8""></script>
"
1630855420280721409,CyAn / ｼｱﾝ @ダーリン,1339582676089466883,448_cy,"ダーリン / 須田景凪 - 〚cover〛

Full ➪ https://t.co/RSvwxKq5J1

#歌ってみた #ダーリン https://t.co/8k0YWQ3xMb",,"<blockquote class=""twitter-tweet"" align=""center"" data-width=""300"" data-lang=""ja"" data-theme=""dark""><p lang=""ja"" dir=""ltr"">ダーリン / 須田景凪 - 〚cover〛<br><br>Full ➪ <a href=""https://t.co/RSvwxKq5J1"">https://t.co/RSvwxKq5J1</a><a href=""https://twitter.com/hashtag/%E6%AD%8C%E3%81%A3%E3%81%A6%E3%81%BF%E3%81%9F?src=hash&amp;ref_src=twsrc%5Etfw"">#歌ってみた</a> <a href=""https://twitter.com/hashtag/%E3%83%80%E3%83%BC%E3%83%AA%E3%83%B3?src=hash&amp;ref_src=twsrc%5Etfw"">#ダーリン</a> <a href=""https://t.co/8k0YWQ3xMb"">pic.twitter.com/8k0YWQ3xMb</a></p>&mdash; CyAn / ｼｱﾝ @ダーリン (@448_cy) <a href=""https://twitter.com/448_cy/status/1630855420280721409?ref_src=twsrc%5Etfw"">2023年3月1日</a></blockquote>
<script async src=""https://platform.twitter.com/widgets.js"" charset=""utf-8""></script>
"
1632897410832945152,ゆま,1306589409370804225,yumartist,"ペンケースと魔法のアニメ

#オリジナル曲 #ギター #シンガーソングライター #弾き語り #歌ってみた #歌い手さんMIX師さん絵師さん動画師さんPさんと繋がりたい #魔法

よい一日になりますように🌅🌸☺️

Full… https://t.co/vF5mBL98qz",https://t.co/1vpqog4jjD,"<blockquote class=""twitter-tweet"" align=""center"" data-width=""300"" data-lang=""ja"" data-theme=""dark""><p lang=""ja"" dir=""ltr"">ペンケースと魔法のアニメ<a href=""https://twitter.com/hashtag/%E3%82%AA%E3%83%AA%E3%82%B8%E3%83%8A%E3%83%AB%E6%9B%B2?src=hash&amp;ref_src=twsrc%5Etfw"">#オリジナル曲</a> <a href=""https://twitter.com/hashtag/%E3%82%AE%E3%82%BF%E3%83%BC?src=hash&amp;ref_src=twsrc%5Etfw"">#ギター</a> <a href=""https://twitter.com/hashtag/%E3%82%B7%E3%83%B3%E3%82%AC%E3%83%BC%E3%82%BD%E3%83%B3%E3%82%B0%E3%83%A9%E3%82%A4%E3%82%BF%E3%83%BC?src=hash&amp;ref_src=twsrc%5Etfw"">#シンガーソングライター</a> <a href=""https://twitter.com/hashtag/%E5%BC%BE%E3%81%8D%E8%AA%9E%E3%82%8A?src=hash&amp;ref_src=twsrc%5Etfw"">#弾き語り</a> <a href=""https://twitter.com/hashtag/%E6%AD%8C%E3%81%A3%E3%81%A6%E3%81%BF%E3%81%9F?src=hash&amp;ref_src=twsrc%5Etfw"">#歌ってみた</a> <a href=""https://twitter.com/hashtag/%E6%AD%8C%E3%81%84%E6%89%8B%E3%81%95%E3%82%93MIX%E5%B8%AB%E3%81%95%E3%82%93%E7%B5%B5%E5%B8%AB%E3%81%95%E3%82%93%E5%8B%95%E7%94%BB%E5%B8%AB%E3%81%95%E3%82%93P%E3%81%95%E3%82%93%E3%81%A8%E7%B9%8B%E3%81%8C%E3%82%8A%E3%81%9F%E3%81%84?src=hash&amp;ref_src=twsrc%5Etfw"">#歌い手さんMIX師さん絵師さん動画師さんPさんと繋がりたい</a> <a href=""https://twitter.com/hashtag/%E9%AD%94%E6%B3%95?src=hash&amp;ref_src=twsrc%5Etfw"">#魔法</a><br><br>よい一日になりますように🌅🌸☺️<br><br>Full <a href=""https://t.co/htFVcS0cw4"">https://t.co/htFVcS0cw4</a> <a href=""https://t.co/9CuleNPZPH"">pic.twitter.com/9CuleNPZPH</a></p>&mdash; ゆま (@yumartist) <a href=""https://twitter.com/yumartist/status/1632897410832945152?ref_src=twsrc%5Etfw"">2023年3月7日</a></blockquote>
<script async src=""https://platform.twitter.com/widgets.js"" charset=""utf-8""></script>
"
1632873020653211648,Ruka@しゅわどりweek開催中！！,1459484670966796289,qARlTEqPCz4sAXQ,"「酔いどれ知らず/kanaria様」

かっこいい曲を歌わせて居ただきました！

フルはこちらから⤵︎ ︎⤵︎ ︎
https://t.co/s24umv54As

#歌ってみた  #新人歌い手   #酔いどれ知らず… https://t.co/NUr7lCY6E7",,"<blockquote class=""twitter-tweet"" align=""center"" data-width=""300"" data-lang=""ja"" data-theme=""dark""><p lang=""ja"" dir=""ltr"">「酔いどれ知らず/kanaria様」<br><br>かっこいい曲を歌わせて居ただきました！<br><br>フルはこちらから⤵︎ ︎⤵︎ ︎<a href=""https://t.co/s24umv54As"">https://t.co/s24umv54As</a><a href=""https://twitter.com/hashtag/%E6%AD%8C%E3%81%A3%E3%81%A6%E3%81%BF%E3%81%9F?src=hash&amp;ref_src=twsrc%5Etfw"">#歌ってみた</a>  <a href=""https://twitter.com/hashtag/%E6%96%B0%E4%BA%BA%E6%AD%8C%E3%81%84%E6%89%8B?src=hash&amp;ref_src=twsrc%5Etfw"">#新人歌い手</a>   <a href=""https://twitter.com/hashtag/%E9%85%94%E3%81%84%E3%81%A9%E3%82%8C%E7%9F%A5%E3%82%89%E3%81%9A?src=hash&amp;ref_src=twsrc%5Etfw"">#酔いどれ知らず</a>     <a href=""https://twitter.com/hashtag/Kanaria?src=hash&amp;ref_src=twsrc%5Etfw"">#Kanaria</a>  <a href=""https://twitter.com/hashtag/%E6%AD%8C%E3%81%84%E6%89%8B%E3%81%95%E3%82%93MIX%E5%B8%AB%E3%81%95%E3%82%93%E7%B5%B5%E5%B8%AB%E3%81%95%E3%82%93%E5%8B%95%E7%94%BB%E5%B8%AB%E3%81%95%E3%82%93P%E3%81%95%E3%82%93%E3%81%A8%E7%B9%8B%E3%81%8C%E3%82%8A%E3%81%9F%E3%81%84?src=hash&amp;ref_src=twsrc%5Etfw"">#歌い手さんMIX師さん絵師さん動画師さんPさんと繋がりたい</a> <a href=""https://t.co/hZnzp6w7sV"">pic.twitter.com/hZnzp6w7sV</a></p>&mdash; Ruka@しゅわどりweek開催中！！ (@qARlTEqPCz4sAXQ) <a href=""https://twitter.com/qARlTEqPCz4sAXQ/status/1632873020653211648?ref_src=twsrc%5Etfw"">2023年3月6日</a></blockquote>
<script async src=""https://platform.twitter.com/widgets.js"" charset=""utf-8""></script>
"
1632737107960627205,🌙つきな🦌,1275031360650964992,tukina_activity,"【誕生日記念】
今回KINGを歌ってみました！！
良かったらたくさん聞いてください！！🌙🦌

↓↓↓
https://t.co/oO3Hy4IzqZ

 #歌ってみた  #誕生日  #KING… https://t.co/T5Yvf8HPlA",https://t.co/tDABFmGg11,"<blockquote class=""twitter-tweet"" align=""center"" data-width=""300"" data-lang=""ja"" data-theme=""dark""><p lang=""ja"" dir=""ltr"">【誕生日記念】<br>今回KINGを歌ってみました！！<br>良かったらたくさん聞いてください！！🌙🦌<br><br>↓↓↓<a href=""https://t.co/oO3Hy4IzqZ"">https://t.co/oO3Hy4IzqZ</a><br><br> <a href=""https://twitter.com/hashtag/%E6%AD%8C%E3%81%A3%E3%81%A6%E3%81%BF%E3%81%9F?src=hash&amp;ref_src=twsrc%5Etfw"">#歌ってみた</a>  <a href=""https://twitter.com/hashtag/%E8%AA%95%E7%94%9F%E6%97%A5?src=hash&amp;ref_src=twsrc%5Etfw"">#誕生日</a>  <a href=""https://twitter.com/hashtag/KING?src=hash&amp;ref_src=twsrc%5Etfw"">#KING</a><br> <a href=""https://twitter.com/hashtag/%E6%AD%8C%E3%81%84%E6%89%8B%E3%81%95%E3%82%93MIX%E5%B8%AB%E3%81%95%E3%82%93%E7%B5%B5%E5%B8%AB%E3%81%95%E3%82%93%E5%8B%95%E7%94%BB%E5%B8%AB%E3%81%95%E3%82%93P%E3%81%95%E3%82%93%E3%81%A8%E7%B9%8B%E3%81%8C%E3%82%8A%E3%81%9F%E3%81%84?src=hash&amp;ref_src=twsrc%5Etfw"">#歌い手さんMIX師さん絵師さん動画師さんPさんと繋がりたい</a> <a href=""https://t.co/rzN6g9rFI2"">pic.twitter.com/rzN6g9rFI2</a></p>&mdash; 🌙つきな🦌 (@tukina_activity) <a href=""https://twitter.com/tukina_activity/status/1632737107960627205?ref_src=twsrc%5Etfw"">2023年3月6日</a></blockquote>
<script async src=""https://platform.twitter.com/widgets.js"" charset=""utf-8""></script>
"
1633044832229928960,にら,1533355121304031232,Nira_utau,"QUEEN / にら(cover)

□YouTube 
https://t.co/lMe1hqK2Bf

#歌い手さんMIX師さん絵師さん動画師さんPさんと繋がりたい #歌ってみた #拡散希望 https://t.co/TMCBnJv6v6",https://t.co/q4jemABNgj,"<blockquote class=""twitter-tweet"" align=""center"" data-width=""300"" data-lang=""ja"" data-theme=""dark""><p lang=""ja"" dir=""ltr"">QUEEN / にら(cover)<br><br>□YouTube <a href=""https://t.co/lMe1hqK2Bf"">https://t.co/lMe1hqK2Bf</a><a href=""https://twitter.com/hashtag/%E6%AD%8C%E3%81%84%E6%89%8B%E3%81%95%E3%82%93MIX%E5%B8%AB%E3%81%95%E3%82%93%E7%B5%B5%E5%B8%AB%E3%81%95%E3%82%93%E5%8B%95%E7%94%BB%E5%B8%AB%E3%81%95%E3%82%93P%E3%81%95%E3%82%93%E3%81%A8%E7%B9%8B%E3%81%8C%E3%82%8A%E3%81%9F%E3%81%84?src=hash&amp;ref_src=twsrc%5Etfw"">#歌い手さんMIX師さん絵師さん動画師さんPさんと繋がりたい</a> <a href=""https://twitter.com/hashtag/%E6%AD%8C%E3%81%A3%E3%81%A6%E3%81%BF%E3%81%9F?src=hash&amp;ref_src=twsrc%5Etfw"">#歌ってみた</a> <a href=""https://twitter.com/hashtag/%E6%8B%A1%E6%95%A3%E5%B8%8C%E6%9C%9B?src=hash&amp;ref_src=twsrc%5Etfw"">#拡散希望</a> <a href=""https://t.co/TMCBnJv6v6"">pic.twitter.com/TMCBnJv6v6</a></p>&mdash; にら (@Nira_utau) <a href=""https://twitter.com/Nira_utau/status/1633044832229928960?ref_src=twsrc%5Etfw"">2023年3月7日</a></blockquote>
<script async src=""https://platform.twitter.com/widgets.js"" charset=""utf-8""></script>
"
1633044821748207624,蕗奈(ろな)🍒アイディスマイル コラボ,1007214388422406145,ronapechi,"【癒し系歌い手4人で歌ってみた】

＃アイディスマイル/とあ様

甘夏もか×音羽ことり。×晴乃なぎ×蕗奈

full ❥ https://t.co/jekuF8fEUE

#歌ってみた #拡散希望 #いいねした人全員フォローする… https://t.co/qX4CQyVM82",https://t.co/uh4rtaxHAq,"<blockquote class=""twitter-tweet"" align=""center"" data-width=""300"" data-lang=""ja"" data-theme=""dark""><p lang=""ja"" dir=""ltr"">【癒し系歌い手4人で歌ってみた】<a href=""https://twitter.com/hashtag/%E3%82%A2%E3%82%A4%E3%83%87%E3%82%A3%E3%82%B9%E3%83%9E%E3%82%A4%E3%83%AB?src=hash&amp;ref_src=twsrc%5Etfw"">#アイディスマイル</a>/とあ様<br><br>甘夏もか×音羽ことり。×晴乃なぎ×蕗奈<br><br>full ❥ <a href=""https://t.co/jekuF8fEUE"">https://t.co/jekuF8fEUE</a><a href=""https://twitter.com/hashtag/%E6%AD%8C%E3%81%A3%E3%81%A6%E3%81%BF%E3%81%9F?src=hash&amp;ref_src=twsrc%5Etfw"">#歌ってみた</a> <a href=""https://twitter.com/hashtag/%E6%8B%A1%E6%95%A3%E5%B8%8C%E6%9C%9B?src=hash&amp;ref_src=twsrc%5Etfw"">#拡散希望</a> <a href=""https://twitter.com/hashtag/%E3%81%84%E3%81%84%E3%81%AD%E3%81%97%E3%81%9F%E4%BA%BA%E5%85%A8%E5%93%A1%E3%83%95%E3%82%A9%E3%83%AD%E3%83%BC%E3%81%99%E3%82%8B?src=hash&amp;ref_src=twsrc%5Etfw"">#いいねした人全員フォローする</a> <a href=""https://twitter.com/hashtag/%E6%AD%8C%E3%81%84%E6%89%8B%E3%81%95%E3%82%93MIX%E5%B8%AB%E3%81%95%E3%82%93%E7%B5%B5%E5%B8%AB%E3%81%95%E3%82%93%E5%8B%95%E7%94%BB%E5%B8%AB%E3%81%95%E3%82%93P%E3%81%95%E3%82%93%E3%81%A8%E7%B9%8B%E3%81%8C%E3%82%8A%E3%81%9F%E3%81%84?src=hash&amp;ref_src=twsrc%5Etfw"">#歌い手さんMIX師さん絵師さん動画師さんPさんと繋がりたい</a> <a href=""https://twitter.com/hashtag/%E3%83%97%E3%83%AD%E3%82%BB%E3%82%AB?src=hash&amp;ref_src=twsrc%5Etfw"">#プロセカ</a> <a href=""https://twitter.com/hashtag/%E3%82%8D%E3%81%AA%E3%81%86%E3%81%9F?src=hash&amp;ref_src=twsrc%5Etfw"">#ろなうた</a> <a href=""https://t.co/uocvjqJaGX"">pic.twitter.com/uocvjqJaGX</a></p>&mdash; 蕗奈(ろな)🍒アイディスマイル コラボ (@ronapechi) <a href=""https://twitter.com/ronapechi/status/1633044821748207624?ref_src=twsrc%5Etfw"">2023年3月7日</a></blockquote>
<script async src=""https://platform.twitter.com/widgets.js"" charset=""utf-8""></script>
"
1633034730332622848,ぬこ,1510540003826290688,uedanuko03,"お呪い/なきそ(cover)

素敵なmixを担当してくれた人
➭sooDaaaa@MIX師様
@DaaaaSoo

YouTube
➭https://t.co/1UGWQpKJON

#歌ってみた… https://t.co/DCd30URwiH",https://t.co/XgpdLlkbb8,"<blockquote class=""twitter-tweet"" align=""center"" data-width=""300"" data-lang=""ja"" data-theme=""dark""><p lang=""ja"" dir=""ltr"">お呪い/なきそ(cover)<br><br>素敵なmixを担当してくれた人<br>➭sooDaaaa@MIX師様<a href=""https://twitter.com/DaaaaSoo?ref_src=twsrc%5Etfw"">@DaaaaSoo</a><br><br>YouTube<br>➭<a href=""https://t.co/1UGWQpKJON"">https://t.co/1UGWQpKJON</a><a href=""https://twitter.com/hashtag/%E6%AD%8C%E3%81%A3%E3%81%A6%E3%81%BF%E3%81%9F?src=hash&amp;ref_src=twsrc%5Etfw"">#歌ってみた</a> <a href=""https://twitter.com/hashtag/%E6%AD%8C%E3%81%84%E6%89%8B%E3%81%95%E3%82%93MIX%E5%B8%AB%E3%81%95%E3%82%93%E7%B5%B5%E5%B8%AB%E3%81%95%E3%82%93%E5%8B%95%E7%94%BB%E5%B8%AB%E3%81%95%E3%82%93P%E3%81%95%E3%82%93%E3%81%A8%E7%B9%8B%E3%81%8C%E3%82%8A%E3%81%9F%E3%81%84?src=hash&amp;ref_src=twsrc%5Etfw"">#歌い手さんMIX師さん絵師さん動画師さんPさんと繋がりたい</a> <a href=""https://twitter.com/hashtag/%E5%B0%91%E3%81%97%E3%81%A7%E3%82%82%E3%81%84%E3%81%84%E3%81%AA%E3%81%A8%E6%80%9D%E3%81%A3%E3%81%9F%E3%82%89RTor%E3%81%84%E3%81%84%E3%81%AD?src=hash&amp;ref_src=twsrc%5Etfw"">#少しでもいいなと思ったらRTorいいね</a>  <a href=""https://twitter.com/hashtag/%E6%AD%8C%E3%81%84%E6%89%8B?src=hash&amp;ref_src=twsrc%5Etfw"">#歌い手</a> <a href=""https://twitter.com/hashtag/%E6%8B%A1%E6%95%A3%E5%B8%8C%E6%9C%9B?src=hash&amp;ref_src=twsrc%5Etfw"">#拡散希望</a> <a href=""https://t.co/EWjEjPQkTk"">pic.twitter.com/EWjEjPQkTk</a></p>&mdash; ぬこ (@uedanuko03) <a href=""https://twitter.com/uedanuko03/status/1633034730332622848?ref_src=twsrc%5Etfw"">2023年3月7日</a></blockquote>
<script async src=""https://platform.twitter.com/widgets.js"" charset=""utf-8""></script>
"
1633029720240431109,雛月 愁 ‎/ 7日18時 新作🐻‍❄️💎,1512667944379043840,_hina_aki7,"💎

    「 キミの3分わたしにください♡ 」
        #超絶かわいい / HoneyWorks様

   ＼ 超絶かわいい！ひーな！／で
   たくさん 盛り上げてください 🤍

Y：… https://t.co/7443z2xZkN",,"<blockquote class=""twitter-tweet"" align=""center"" data-width=""300"" data-lang=""ja"" data-theme=""dark""><p lang=""ja"" dir=""ltr"">💎<br><br>    「 キミの3分わたしにください♡ 」<br>        <a href=""https://twitter.com/hashtag/%E8%B6%85%E7%B5%B6%E3%81%8B%E3%82%8F%E3%81%84%E3%81%84?src=hash&amp;ref_src=twsrc%5Etfw"">#超絶かわいい</a> / HoneyWorks様<br><br>   ＼ 超絶かわいい！ひーな！／で<br>   たくさん 盛り上げてください 🤍<br><br>Y：<a href=""https://t.co/UK3kv4oalC"">https://t.co/UK3kv4oalC</a><br>N：<a href=""https://t.co/yv8ZwHAZJL"">https://t.co/yv8ZwHAZJL</a><a href=""https://twitter.com/hashtag/%E6%AD%8C%E3%81%84%E6%89%8B%E3%81%95%E3%82%93MIX%E5%B8%AB%E3%81%95%E3%82%93%E7%B5%B5%E5%B8%AB%E3%81%95%E3%82%93%E5%8B%95%E7%94%BB%E5%B8%AB%E3%81%95%E3%82%93P%E3%81%95%E3%82%93%E3%81%A8%E7%B9%8B%E3%81%8C%E3%82%8A%E3%81%9F%E3%81%84?src=hash&amp;ref_src=twsrc%5Etfw"">#歌い手さんMIX師さん絵師さん動画師さんPさんと繋がりたい</a> <a href=""https://twitter.com/hashtag/%E6%AD%8C%E3%81%A3%E3%81%A6%E3%81%BF%E3%81%9F?src=hash&amp;ref_src=twsrc%5Etfw"">#歌ってみた</a> <a href=""https://t.co/dmNlM1NPmx"">pic.twitter.com/dmNlM1NPmx</a></p>&mdash; 雛月 愁 ‎/ 7日18時 新作🐻‍❄️💎 (@_hina_aki7) <a href=""https://twitter.com/_hina_aki7/status/1633029720240431109?ref_src=twsrc%5Etfw"">2023年3月7日</a></blockquote>
<script async src=""https://platform.twitter.com/widgets.js"" charset=""utf-8""></script>
"
1632941045741658114,miilky ❀ | SPLEENPOP ✨ | MIX RAFFLE 🦋,856281751735250944,miilkypabo,"SPLEENPOP／Patterns ft. vally.exe

∘◦❀◦∘

❝ ...tomorrow will be just as today; ❞

full → https://t.co/gIrxBxbZ8F… https://t.co/iqcOA9o7OJ",https://t.co/76FTxyDEuA,"<blockquote class=""twitter-tweet"" align=""center"" data-width=""300"" data-lang=""ja"" data-theme=""dark""><p lang=""en"" dir=""ltr"">SPLEENPOP／Patterns ft. vally.exe<br><br>∘◦❀◦∘<br><br>❝ ...tomorrow will be just as today; ❞<br><br>full → <a href=""https://t.co/gIrxBxbZ8F"">https://t.co/gIrxBxbZ8F</a><a href=""https://twitter.com/hashtag/%E6%AD%8C%E3%81%A3%E3%81%A6%E3%81%BF%E3%81%9F?src=hash&amp;ref_src=twsrc%5Etfw"">#歌ってみた</a> <a href=""https://twitter.com/hashtag/%E6%AD%8C%E3%81%84%E6%89%8B%E3%81%95%E3%82%93MIX%E5%B8%AB%E3%81%95%E3%82%93%E7%B5%B5%E5%B8%AB%E3%81%95%E3%82%93%E5%8B%95%E7%94%BB%E5%B8%AB%E3%81%95%E3%82%93P%E3%81%95%E3%82%93%E3%81%A8%E7%B9%8B%E3%81%8C%E3%82%8A%E3%81%9F%E3%81%84?src=hash&amp;ref_src=twsrc%5Etfw"">#歌い手さんMIX師さん絵師さん動画師さんPさんと繋がりたい</a> <a href=""https://twitter.com/hashtag/%E6%AD%8C%E3%81%84%E6%89%8B%E5%A5%BD%E3%81%8D%E3%81%95%E3%82%93%E3%81%A8%E7%B9%8B%E3%81%8C%E3%82%8A%E3%81%9F%E3%81%84?src=hash&amp;ref_src=twsrc%5Etfw"">#歌い手好きさんと繋がりたい</a> <a href=""https://twitter.com/hashtag/%E5%B0%91%E3%81%97%E3%81%A7%E3%82%82%E3%81%84%E3%81%84%E3%81%AA%E3%81%A8%E6%80%9D%E3%81%A3%E3%81%9F%E3%82%89RT?src=hash&amp;ref_src=twsrc%5Etfw"">#少しでもいいなと思ったらRT</a> <a href=""https://twitter.com/hashtag/youtaiteworks?src=hash&amp;ref_src=twsrc%5Etfw"">#youtaiteworks</a> <a href=""https://twitter.com/hashtag/Vsinger?src=hash&amp;ref_src=twsrc%5Etfw"">#Vsinger</a> <a href=""https://t.co/KdpoRxSxiq"">pic.twitter.com/KdpoRxSxiq</a></p>&mdash; miilky ❀ | SPLEENPOP ✨ | MIX RAFFLE 🦋 (@miilkypabo) <a href=""https://twitter.com/miilkypabo/status/1632941045741658114?ref_src=twsrc%5Etfw"">2023年3月7日</a></blockquote>
<script async src=""https://platform.twitter.com/widgets.js"" charset=""utf-8""></script>
"
1633437497769496577,なびき@3/19名古屋,1479093822785486848,5353nbk,"初投稿

︎ Who are / みきとP様

︎ ✧vocal なびき

Y: https://t.co/EtOHwjPMgW

※クレジット別記載

#歌い手さんMIX師さん絵師さん動画師さんPさんと繋がりたい #推し不在… https://t.co/NwDtk9NSrQ",,"<blockquote class=""twitter-tweet"" align=""center"" data-width=""300"" data-lang=""ja"" data-theme=""dark""><p lang=""ja"" dir=""ltr"">初投稿<br><br>︎ Who are / みきとP様<br><br>︎ ✧vocal なびき<br><br>Y: <a href=""https://t.co/EtOHwjPMgW"">https://t.co/EtOHwjPMgW</a><br><br>※クレジット別記載<a href=""https://twitter.com/hashtag/%E6%AD%8C%E3%81%84%E6%89%8B%E3%81%95%E3%82%93MIX%E5%B8%AB%E3%81%95%E3%82%93%E7%B5%B5%E5%B8%AB%E3%81%95%E3%82%93%E5%8B%95%E7%94%BB%E5%B8%AB%E3%81%95%E3%82%93P%E3%81%95%E3%82%93%E3%81%A8%E7%B9%8B%E3%81%8C%E3%82%8A%E3%81%9F%E3%81%84?src=hash&amp;ref_src=twsrc%5Etfw"">#歌い手さんMIX師さん絵師さん動画師さんPさんと繋がりたい</a> <a href=""https://twitter.com/hashtag/%E6%8E%A8%E3%81%97%E4%B8%8D%E5%9C%A8?src=hash&amp;ref_src=twsrc%5Etfw"">#推し不在</a> <a href=""https://twitter.com/hashtag/%E6%AD%8C%E3%81%A3%E3%81%A6%E3%81%BF%E3%81%9F?src=hash&amp;ref_src=twsrc%5Etfw"">#歌ってみた</a> <a href=""https://twitter.com/hashtag/%E3%81%84%E3%81%84%E3%81%AD%E3%81%97%E3%81%9F%E4%BA%BA%E5%85%A8%E5%93%A1%E3%83%95%E3%82%A9%E3%83%AD%E3%83%BC%E3%81%99%E3%82%8B?src=hash&amp;ref_src=twsrc%5Etfw"">#いいねした人全員フォローする</a> <a href=""https://twitter.com/hashtag/%E6%8B%A1%E6%95%A3%E5%B8%8C%E6%9C%9B?src=hash&amp;ref_src=twsrc%5Etfw"">#拡散希望</a> <a href=""https://twitter.com/hashtag/%E6%96%B0%E4%BA%BA%E6%AD%8C%E3%81%84%E6%89%8B?src=hash&amp;ref_src=twsrc%5Etfw"">#新人歌い手</a> <a href=""https://twitter.com/hashtag/%E5%88%9D%E6%8A%95%E7%A8%BF?src=hash&amp;ref_src=twsrc%5Etfw"">#初投稿</a> <a href=""https://twitter.com/hashtag/%E3%81%BF%E3%81%8D%E3%81%A8P?src=hash&amp;ref_src=twsrc%5Etfw"">#みきとP</a> <a href=""https://t.co/BxUtCFbcSQ"">pic.twitter.com/BxUtCFbcSQ</a></p>&mdash; なびき@3/19名古屋 (@5353nbk) <a href=""https://twitter.com/5353nbk/status/1633437497769496577?ref_src=twsrc%5Etfw"">2023年3月8日</a></blockquote>
<script async src=""https://platform.twitter.com/widgets.js"" charset=""utf-8""></script>
"
1633428351338831872,橘 シャクナ🌸,1541256839165517824,shakuna_flower,"ラプンツェル / n-buna

本家様　https://t.co/UxfvuAgM0D

#歌ってみた
#歌い手さんMIX師さん絵師さん動画師さんPさんと繋がりたい https://t.co/BlfkBn04O4",,"<blockquote class=""twitter-tweet"" align=""center"" data-width=""300"" data-lang=""ja"" data-theme=""dark""><p lang=""ja"" dir=""ltr"">ラプンツェル / n-buna<br><br>本家様　<a href=""https://t.co/UxfvuAgM0D"">https://t.co/UxfvuAgM0D</a><a href=""https://twitter.com/hashtag/%E6%AD%8C%E3%81%A3%E3%81%A6%E3%81%BF%E3%81%9F?src=hash&amp;ref_src=twsrc%5Etfw"">#歌ってみた</a><a href=""https://twitter.com/hashtag/%E6%AD%8C%E3%81%84%E6%89%8B%E3%81%95%E3%82%93MIX%E5%B8%AB%E3%81%95%E3%82%93%E7%B5%B5%E5%B8%AB%E3%81%95%E3%82%93%E5%8B%95%E7%94%BB%E5%B8%AB%E3%81%95%E3%82%93P%E3%81%95%E3%82%93%E3%81%A8%E7%B9%8B%E3%81%8C%E3%82%8A%E3%81%9F%E3%81%84?src=hash&amp;ref_src=twsrc%5Etfw"">#歌い手さんMIX師さん絵師さん動画師さんPさんと繋がりたい</a> <a href=""https://t.co/BlfkBn04O4"">pic.twitter.com/BlfkBn04O4</a></p>&mdash; 橘 シャクナ🌸 (@shakuna_flower) <a href=""https://twitter.com/shakuna_flower/status/1633428351338831872?ref_src=twsrc%5Etfw"">2023年3月8日</a></blockquote>
<script async src=""https://platform.twitter.com/widgets.js"" charset=""utf-8""></script>
"
1633422322068598785,てんぱ,1454326382956199938,utautai_te,"ダーリン / cover

ぶちかます！
--------------------------------
本家様：須田景凪 様
Vo&amp;Mix：てんぱ
--------------------------------

YT… https://t.co/fZEozasyIt",https://t.co/eWeJgzK0ud,"<blockquote class=""twitter-tweet"" align=""center"" data-width=""300"" data-lang=""ja"" data-theme=""dark""><p lang=""ja"" dir=""ltr"">ダーリン / cover<br><br>ぶちかます！<br>--------------------------------<br>本家様：須田景凪 様<br>Vo&amp;Mix：てんぱ<br>--------------------------------<br><br>YT<a href=""https://t.co/XR8oGI2gDP"">https://t.co/XR8oGI2gDP</a><a href=""https://twitter.com/hashtag/%E6%AD%8C%E3%81%84%E6%89%8B%E3%81%95%E3%82%93MIX%E5%B8%AB%E3%81%95%E3%82%93%E7%B5%B5%E5%B8%AB%E3%81%95%E3%82%93%E5%8B%95%E7%94%BB%E5%B8%AB%E3%81%95%E3%82%93P%E3%81%95%E3%82%93%E3%81%A8%E7%B9%8B%E3%81%8C%E3%82%8A%E3%81%9F%E3%81%84?src=hash&amp;ref_src=twsrc%5Etfw"">#歌い手さんMIX師さん絵師さん動画師さんPさんと繋がりたい</a> <a href=""https://twitter.com/hashtag/%E6%AD%8C%E3%81%A3%E3%81%A6%E3%81%BF%E3%81%9F?src=hash&amp;ref_src=twsrc%5Etfw"">#歌ってみた</a> <a href=""https://twitter.com/hashtag/%E6%8B%A1%E6%95%A3%E5%B8%8C%E6%9C%9B%EF%B8%8E?src=hash&amp;ref_src=twsrc%5Etfw"">#拡散希望︎</a> <a href=""https://t.co/zxxYwguNX3"">pic.twitter.com/zxxYwguNX3</a></p>&mdash; てんぱ (@utautai_te) <a href=""https://twitter.com/utautai_te/status/1633422322068598785?ref_src=twsrc%5Etfw"">2023年3月8日</a></blockquote>
<script async src=""https://platform.twitter.com/widgets.js"" charset=""utf-8""></script>
"
1633422320977977346,인쓰,1287810379767140353,kinss0710,"#신곡_홍보 
#녹음러_트친소  
#동인계
#歌ってみた
#歌い手さんMIX師さん絵師さん動画師さんPさんと繋がりたい 

인쓰X태훈 
🌊Summertime . cover🌊

❤️💙

알티 위주로 무멘팔로 찾아뵙겠습… https://t.co/cyRJv29fms",https://t.co/RDsrz6JCGd,"<blockquote class=""twitter-tweet"" align=""center"" data-width=""300"" data-lang=""ja"" data-theme=""dark""><p lang=""ko"" dir=""ltr""><a href=""https://twitter.com/hashtag/%EC%8B%A0%EA%B3%A1_%ED%99%8D%EB%B3%B4?src=hash&amp;ref_src=twsrc%5Etfw"">#신곡_홍보</a> <a href=""https://twitter.com/hashtag/%EB%85%B9%EC%9D%8C%EB%9F%AC_%ED%8A%B8%EC%B9%9C%EC%86%8C?src=hash&amp;ref_src=twsrc%5Etfw"">#녹음러_트친소</a>  <a href=""https://twitter.com/hashtag/%EB%8F%99%EC%9D%B8%EA%B3%84?src=hash&amp;ref_src=twsrc%5Etfw"">#동인계</a><a href=""https://twitter.com/hashtag/%E6%AD%8C%E3%81%A3%E3%81%A6%E3%81%BF%E3%81%9F?src=hash&amp;ref_src=twsrc%5Etfw"">#歌ってみた</a><a href=""https://twitter.com/hashtag/%E6%AD%8C%E3%81%84%E6%89%8B%E3%81%95%E3%82%93MIX%E5%B8%AB%E3%81%95%E3%82%93%E7%B5%B5%E5%B8%AB%E3%81%95%E3%82%93%E5%8B%95%E7%94%BB%E5%B8%AB%E3%81%95%E3%82%93P%E3%81%95%E3%82%93%E3%81%A8%E7%B9%8B%E3%81%8C%E3%82%8A%E3%81%9F%E3%81%84?src=hash&amp;ref_src=twsrc%5Etfw"">#歌い手さんMIX師さん絵師さん動画師さんPさんと繋がりたい</a> <br><br>인쓰X태훈 <br>🌊Summertime . cover🌊<br><br>❤️💙<br><br>알티 위주로 무멘팔로 찾아뵙겠습니다!<a href=""https://t.co/eMr0poQnvl"">https://t.co/eMr0poQnvl</a> <a href=""https://t.co/OUNg13S6sN"">pic.twitter.com/OUNg13S6sN</a></p>&mdash; 인쓰 (@kinss0710) <a href=""https://twitter.com/kinss0710/status/1633422320977977346?ref_src=twsrc%5Etfw"">2023年3月8日</a></blockquote>
<script async src=""https://platform.twitter.com/widgets.js"" charset=""utf-8""></script>
"
1633422309758496768,yato@お呪い,1504795497005199363,yato_ut,"お呪い / なきそ様

解けても終わりじゃないからね

■full
https://t.co/4grvXS6lPd
https://t.co/XSJ898mdz8

#歌ってみた… https://t.co/2rYbY4OYhr",,"<blockquote class=""twitter-tweet"" align=""center"" data-width=""300"" data-lang=""ja"" data-theme=""dark""><p lang=""ja"" dir=""ltr"">お呪い / なきそ様<br><br>解けても終わりじゃないからね<br><br>■full<a href=""https://t.co/4grvXS6lPd"">https://t.co/4grvXS6lPd</a><a href=""https://t.co/XSJ898mdz8"">https://t.co/XSJ898mdz8</a><a href=""https://twitter.com/hashtag/%E6%AD%8C%E3%81%A3%E3%81%A6%E3%81%BF%E3%81%9F?src=hash&amp;ref_src=twsrc%5Etfw"">#歌ってみた</a> <a href=""https://twitter.com/hashtag/%E6%AD%8C%E3%81%84%E6%89%8B%E3%81%95%E3%82%93MIX%E5%B8%AB%E3%81%95%E3%82%93%E7%B5%B5%E5%B8%AB%E3%81%95%E3%82%93%E5%8B%95%E7%94%BB%E5%B8%AB%E3%81%95%E3%82%93P%E3%81%95%E3%82%93%E3%81%A8%E7%B9%8B%E3%81%8C%E3%82%8A%E3%81%9F%E3%81%84?src=hash&amp;ref_src=twsrc%5Etfw"">#歌い手さんMIX師さん絵師さん動画師さんPさんと繋がりたい</a> <a href=""https://twitter.com/hashtag/%E3%81%AA%E3%81%8D%E3%81%9D?src=hash&amp;ref_src=twsrc%5Etfw"">#なきそ</a> <a href=""https://twitter.com/hashtag/%E3%81%8A%E5%91%AA%E3%81%84?src=hash&amp;ref_src=twsrc%5Etfw"">#お呪い</a> <a href=""https://t.co/9ygkhUaBnN"">pic.twitter.com/9ygkhUaBnN</a></p>&mdash; yato@お呪い (@yato_ut) <a href=""https://twitter.com/yato_ut/status/1633422309758496768?ref_src=twsrc%5Etfw"">2023年3月8日</a></blockquote>
<script async src=""https://platform.twitter.com/widgets.js"" charset=""utf-8""></script>
"
1633419381194756096,しゅくたん🥀歌ってみた強化月間,1525740583767404544,fukuisamurai,"【９曲目】花に風🥀歌ってみた

バルーンさんの新曲
曲も動画もおしゃだわ('ω')

↓full↓
https://t.co/BPI3Dim6GR

#新人歌い手 #歌ってみた… https://t.co/nP76kwZtvw",https://t.co/RoZfO0r5wM,"<blockquote class=""twitter-tweet"" align=""center"" data-width=""300"" data-lang=""ja"" data-theme=""dark""><p lang=""ja"" dir=""ltr"">【９曲目】花に風🥀歌ってみた<br><br>バルーンさんの新曲<br>曲も動画もおしゃだわ(&#39;ω&#39;)<br><br>↓full↓<a href=""https://t.co/BPI3Dim6GR"">https://t.co/BPI3Dim6GR</a><a href=""https://twitter.com/hashtag/%E6%96%B0%E4%BA%BA%E6%AD%8C%E3%81%84%E6%89%8B?src=hash&amp;ref_src=twsrc%5Etfw"">#新人歌い手</a> <a href=""https://twitter.com/hashtag/%E6%AD%8C%E3%81%A3%E3%81%A6%E3%81%BF%E3%81%9F?src=hash&amp;ref_src=twsrc%5Etfw"">#歌ってみた</a> <a href=""https://twitter.com/hashtag/%E6%AD%8C%E3%81%84%E6%89%8B%E3%81%95%E3%82%93MIX%E5%B8%AB%E3%81%95%E3%82%93%E7%B5%B5%E5%B8%AB%E3%81%95%E3%82%93%E5%8B%95%E7%94%BB%E5%B8%AB%E3%81%95%E3%82%93P%E3%81%95%E3%82%93%E3%81%A8%E7%B9%8B%E3%81%8C%E3%82%8A%E3%81%9F%E3%81%84?src=hash&amp;ref_src=twsrc%5Etfw"">#歌い手さんMIX師さん絵師さん動画師さんPさんと繋がりたい</a>  <a href=""https://twitter.com/hashtag/%E3%81%84%E3%81%84%E3%81%AD%E3%81%97%E3%81%9F%E4%BA%BA%E5%85%A8%E5%93%A1%E3%83%95%E3%82%A9%E3%83%AD%E3%83%BC?src=hash&amp;ref_src=twsrc%5Etfw"">#いいねした人全員フォロー</a> <a href=""https://twitter.com/hashtag/%E6%8E%A8%E3%81%97%E4%B8%8D%E5%9C%A8?src=hash&amp;ref_src=twsrc%5Etfw"">#推し不在</a> <a href=""https://twitter.com/hashtag/%E6%8E%A8%E3%81%97%E4%B8%8D%E5%9C%A8%E3%81%95%E3%82%93%E3%81%8A%E3%81%84%E3%81%A7?src=hash&amp;ref_src=twsrc%5Etfw"">#推し不在さんおいで</a> <a href=""https://twitter.com/hashtag/%E6%8B%A1%E6%95%A3%E5%B8%8C%E6%9C%9B?src=hash&amp;ref_src=twsrc%5Etfw"">#拡散希望</a> <a href=""https://t.co/3VmqOrvY0J"">pic.twitter.com/3VmqOrvY0J</a></p>&mdash; しゅくたん🥀歌ってみた強化月間 (@fukuisamurai) <a href=""https://twitter.com/fukuisamurai/status/1633419381194756096?ref_src=twsrc%5Etfw"">2023年3月8日</a></blockquote>
<script async src=""https://platform.twitter.com/widgets.js"" charset=""utf-8""></script>
"
1633414974902272001,nil@ダーリン歌ってみた,1588430720220876800,nil_singer,"2回目。フルは初投稿🫠
ダーリン/須田景凪

「私じゃだめですか」

フル：https://t.co/M1tD7IE3aE

mix:みちる @michill_kirin 
mix師さんの詳細は次ツイートをご確認ください。… https://t.co/LcMaxr1RB0",https://t.co/pmBtnjUJr2,"<blockquote class=""twitter-tweet"" align=""center"" data-width=""300"" data-lang=""ja"" data-theme=""dark""><p lang=""ja"" dir=""ltr"">2回目。フルは初投稿🫠<br>ダーリン/須田景凪<br><br>「私じゃだめですか」<br><br>フル：<a href=""https://t.co/M1tD7IE3aE"">https://t.co/M1tD7IE3aE</a><br><br>mix:みちる <a href=""https://twitter.com/michill_kirin?ref_src=twsrc%5Etfw"">@michill_kirin</a> <br>mix師さんの詳細は次ツイートをご確認ください。<a href=""https://twitter.com/hashtag/%E6%AD%8C%E3%81%84%E6%89%8B%E3%81%95%E3%82%93MIX%E5%B8%AB%E3%81%95%E3%82%93%E7%B5%B5%E5%B8%AB%E3%81%95%E3%82%93%E5%8B%95%E7%94%BB%E5%B8%AB%E3%81%95%E3%82%93P%E3%81%95%E3%82%93%E3%81%A8%E7%B9%8B%E3%81%8C%E3%82%8A%E3%81%9F%E3%81%84?src=hash&amp;ref_src=twsrc%5Etfw"">#歌い手さんMIX師さん絵師さん動画師さんPさんと繋がりたい</a> <a href=""https://twitter.com/hashtag/%E6%AD%8C%E3%81%A3%E3%81%A6%E3%81%BF%E3%81%9F?src=hash&amp;ref_src=twsrc%5Etfw"">#歌ってみた</a><a href=""https://twitter.com/hashtag/%E6%AD%8C%E3%81%A3%E3%81%A6%E3%81%BF%E3%81%9F%E5%8B%95%E7%94%BB?src=hash&amp;ref_src=twsrc%5Etfw"">#歌ってみた動画</a> <a href=""https://twitter.com/hashtag/%E3%83%80%E3%83%BC%E3%83%AA%E3%83%B3?src=hash&amp;ref_src=twsrc%5Etfw"">#ダーリン</a> <a href=""https://t.co/COqhHrx74g"">pic.twitter.com/COqhHrx74g</a></p>&mdash; nil@ダーリン歌ってみた (@nil_singer) <a href=""https://twitter.com/nil_singer/status/1633414974902272001?ref_src=twsrc%5Etfw"">2023年3月8日</a></blockquote>
<script async src=""https://platform.twitter.com/widgets.js"" charset=""utf-8""></script>
"
1633407217704787968,境 璃乃,1461253706301964288,sakai___rino,"CH4NGE / Giga【境 璃乃】
歌わせて頂きました。

Y｜https://t.co/IYmD7Ng4ur
N｜https://t.co/BBM4skDMLc

#歌ってみた #歌い手… https://t.co/Rrhv7o9cP5",https://t.co/YBRwpvRI54,"<blockquote class=""twitter-tweet"" align=""center"" data-width=""300"" data-lang=""ja"" data-theme=""dark""><p lang=""ja"" dir=""ltr"">CH4NGE / Giga【境 璃乃】<br>歌わせて頂きました。<br><br>Y｜<a href=""https://t.co/IYmD7Ng4ur"">https://t.co/IYmD7Ng4ur</a><br>N｜<a href=""https://t.co/BBM4skDMLc"">https://t.co/BBM4skDMLc</a><a href=""https://twitter.com/hashtag/%E6%AD%8C%E3%81%A3%E3%81%A6%E3%81%BF%E3%81%9F?src=hash&amp;ref_src=twsrc%5Etfw"">#歌ってみた</a> <a href=""https://twitter.com/hashtag/%E6%AD%8C%E3%81%84%E6%89%8B?src=hash&amp;ref_src=twsrc%5Etfw"">#歌い手</a> <a href=""https://twitter.com/hashtag/%E6%AD%8C%E3%81%84%E6%89%8B%E3%81%95%E3%82%93MIX%E5%B8%AB%E3%81%95%E3%82%93%E7%B5%B5%E5%B8%AB%E3%81%95%E3%82%93%E5%8B%95%E7%94%BB%E5%B8%AB%E3%81%95%E3%82%93P%E3%81%95%E3%82%93%E3%81%A8%E7%B9%8B%E3%81%8C%E3%82%8A%E3%81%9F%E3%81%84?src=hash&amp;ref_src=twsrc%5Etfw"">#歌い手さんMIX師さん絵師さん動画師さんPさんと繋がりたい</a> <a href=""https://twitter.com/hashtag/%E6%8E%A8%E3%81%97%E4%B8%8D%E5%9C%A8%E3%81%95%E3%82%93%E3%81%8A%E3%81%84%E3%81%A7?src=hash&amp;ref_src=twsrc%5Etfw"">#推し不在さんおいで</a> <a href=""https://t.co/LhJ65lfFh5"">pic.twitter.com/LhJ65lfFh5</a></p>&mdash; 境 璃乃 (@sakai___rino) <a href=""https://twitter.com/sakai___rino/status/1633407217704787968?ref_src=twsrc%5Etfw"">2023年3月8日</a></blockquote>
<script async src=""https://platform.twitter.com/widgets.js"" charset=""utf-8""></script>
"
1643210554528653313,ʚ 水瓶 メノ アンチサイクロン 歌った❕ɞ,1228676697433624585,meno_usagi,"『アンチサイクロン 』歌ってみた❕

Music 稲葉曇 様
(@ inabakumori )

illustration ぬくぬくにぎりめし 様
(@ NKNK_NGRMS )

Mix どるふぃ 様
(@ dolphy_mix… https://t.co/LyCCImgoaK",https://t.co/fVS5NyaVg5,"<blockquote class=""twitter-tweet"" align=""center"" data-width=""300"" data-lang=""ja"" data-theme=""dark""><p lang=""ja"" dir=""ltr"">『アンチサイクロン 』歌ってみた❕<br><br>Music 稲葉曇 様<br>(@ inabakumori )<br><br>illustration ぬくぬくにぎりめし 様<br>(@ NKNK_NGRMS )<br><br>Mix どるふぃ 様<br>(@ dolphy_mix )<br><br>vocal 水瓶 メノ<br><br>Full🎶<a href=""https://t.co/RlsCPXHrYn"">https://t.co/RlsCPXHrYn</a><a href=""https://twitter.com/hashtag/%E6%AD%8C%E3%81%A3%E3%81%A6%E3%81%BF%E3%81%9F?src=hash&amp;ref_src=twsrc%5Etfw"">#歌ってみた</a> <a href=""https://twitter.com/hashtag/%E6%AD%8C%E3%81%84%E6%89%8B%E3%81%95%E3%82%93MIX%E5%B8%AB%E3%81%95%E3%82%93%E7%B5%B5%E5%B8%AB%E3%81%95%E3%82%93%E5%8B%95%E7%94%BB%E5%B8%AB%E3%81%95%E3%82%93P%E3%81%95%E3%82%93%E3%81%A8%E7%B9%8B%E3%81%8C%E3%82%8A%E3%81%9F%E3%81%84?src=hash&amp;ref_src=twsrc%5Etfw"">#歌い手さんMIX師さん絵師さん動画師さんPさんと繋がりたい</a> <a href=""https://t.co/7NJIwx9D28"">pic.twitter.com/7NJIwx9D28</a></p>&mdash; ʚ 水瓶 メノ アンチサイクロン 歌った❕ɞ (@meno_usagi) <a href=""https://twitter.com/meno_usagi/status/1643210554528653313?ref_src=twsrc%5Etfw"">2023年4月4日</a></blockquote>
<script async src=""https://platform.twitter.com/widgets.js"" charset=""utf-8""></script>
"
1643237351060275201,華月@ダーリン,1160065024108318722,kazukikun_desu,"【ダーリン】歌ってみた

55秒で惚れさせます

Y(https://t.co/w3rneHVm9b)

#歌ってみた 
#推し不在 
#歌い手さんMIX師さん絵師さん動画師さんPさんと繋がりたい 
#いいねした人全員フォローする… https://t.co/ItTtvOpj0S",https://t.co/GBfOSk1a85,"<blockquote class=""twitter-tweet"" align=""center"" data-width=""300"" data-lang=""ja"" data-theme=""dark""><p lang=""ja"" dir=""ltr"">【ダーリン】歌ってみた<br><br>55秒で惚れさせます<br><br>Y(<a href=""https://t.co/w3rneHVm9b"">https://t.co/w3rneHVm9b</a>)<a href=""https://twitter.com/hashtag/%E6%AD%8C%E3%81%A3%E3%81%A6%E3%81%BF%E3%81%9F?src=hash&amp;ref_src=twsrc%5Etfw"">#歌ってみた</a> <a href=""https://twitter.com/hashtag/%E6%8E%A8%E3%81%97%E4%B8%8D%E5%9C%A8?src=hash&amp;ref_src=twsrc%5Etfw"">#推し不在</a> <a href=""https://twitter.com/hashtag/%E6%AD%8C%E3%81%84%E6%89%8B%E3%81%95%E3%82%93MIX%E5%B8%AB%E3%81%95%E3%82%93%E7%B5%B5%E5%B8%AB%E3%81%95%E3%82%93%E5%8B%95%E7%94%BB%E5%B8%AB%E3%81%95%E3%82%93P%E3%81%95%E3%82%93%E3%81%A8%E7%B9%8B%E3%81%8C%E3%82%8A%E3%81%9F%E3%81%84?src=hash&amp;ref_src=twsrc%5Etfw"">#歌い手さんMIX師さん絵師さん動画師さんPさんと繋がりたい</a> <a href=""https://twitter.com/hashtag/%E3%81%84%E3%81%84%E3%81%AD%E3%81%97%E3%81%9F%E4%BA%BA%E5%85%A8%E5%93%A1%E3%83%95%E3%82%A9%E3%83%AD%E3%83%BC%E3%81%99%E3%82%8B?src=hash&amp;ref_src=twsrc%5Etfw"">#いいねした人全員フォローする</a> <a href=""https://twitter.com/hashtag/RT%E3%81%97%E3%81%9F%E3%81%B2%E3%81%A8%E5%85%A8%E5%93%A1%E3%83%95%E3%82%A9%E3%83%AD%E3%83%BC%E3%81%99%E3%82%8B?src=hash&amp;ref_src=twsrc%5Etfw"">#RTしたひと全員フォローする</a> <a href=""https://twitter.com/hashtag/%E6%96%B0%E4%BA%BA%E6%AD%8C%E3%81%84%E6%89%8B%E3%82%B0%E3%83%AB%E3%83%BC%E3%83%97?src=hash&amp;ref_src=twsrc%5Etfw"">#新人歌い手グループ</a><a href=""https://twitter.com/hashtag/%E6%8B%A1%E6%95%A3%E5%B8%8C%E6%9C%9B?src=hash&amp;ref_src=twsrc%5Etfw"">#拡散希望</a> <a href=""https://t.co/IJUUZ5hCDL"">pic.twitter.com/IJUUZ5hCDL</a></p>&mdash; 華月@ダーリン (@kazukikun_desu) <a href=""https://twitter.com/kazukikun_desu/status/1643237351060275201?ref_src=twsrc%5Etfw"">2023年4月4日</a></blockquote>
<script async src=""https://platform.twitter.com/widgets.js"" charset=""utf-8""></script>
"
1643229929662980103,藍瀬。@ダーリン,1584168609512796163,aise_new0,"ダーリン / 須田景凪 様 (cover.)

full https://t.co/swBzIfMJml

#歌ってみた #歌い手さんMIX師さん絵師さん動画師さんPさんと繋がりたい #推し不在 #拡散希望 #ダーリン https://t.co/sqgynuOzFz",https://t.co/xp3Iw9RCmc,"<blockquote class=""twitter-tweet"" align=""center"" data-width=""300"" data-lang=""ja"" data-theme=""dark""><p lang=""ja"" dir=""ltr"">ダーリン / 須田景凪 様 (cover.)<br><br>full <a href=""https://t.co/swBzIfMJml"">https://t.co/swBzIfMJml</a><a href=""https://twitter.com/hashtag/%E6%AD%8C%E3%81%A3%E3%81%A6%E3%81%BF%E3%81%9F?src=hash&amp;ref_src=twsrc%5Etfw"">#歌ってみた</a> <a href=""https://twitter.com/hashtag/%E6%AD%8C%E3%81%84%E6%89%8B%E3%81%95%E3%82%93MIX%E5%B8%AB%E3%81%95%E3%82%93%E7%B5%B5%E5%B8%AB%E3%81%95%E3%82%93%E5%8B%95%E7%94%BB%E5%B8%AB%E3%81%95%E3%82%93P%E3%81%95%E3%82%93%E3%81%A8%E7%B9%8B%E3%81%8C%E3%82%8A%E3%81%9F%E3%81%84?src=hash&amp;ref_src=twsrc%5Etfw"">#歌い手さんMIX師さん絵師さん動画師さんPさんと繋がりたい</a> <a href=""https://twitter.com/hashtag/%E6%8E%A8%E3%81%97%E4%B8%8D%E5%9C%A8?src=hash&amp;ref_src=twsrc%5Etfw"">#推し不在</a> <a href=""https://twitter.com/hashtag/%E6%8B%A1%E6%95%A3%E5%B8%8C%E6%9C%9B?src=hash&amp;ref_src=twsrc%5Etfw"">#拡散希望</a> <a href=""https://twitter.com/hashtag/%E3%83%80%E3%83%BC%E3%83%AA%E3%83%B3?src=hash&amp;ref_src=twsrc%5Etfw"">#ダーリン</a> <a href=""https://t.co/sqgynuOzFz"">pic.twitter.com/sqgynuOzFz</a></p>&mdash; 藍瀬。@ダーリン (@aise_new0) <a href=""https://twitter.com/aise_new0/status/1643229929662980103?ref_src=twsrc%5Etfw"">2023年4月4日</a></blockquote>
<script async src=""https://platform.twitter.com/widgets.js"" charset=""utf-8""></script>
"
1643229428724666374,トキトウメイ。＠Artist,1409684570794913795,tokitoumei,"【トキトウメイ。】青苦い日だってあるさ【 Self Cover】

歌い手が自分で曲作って歌ってみた。
F→ https://t.co/FFo38sX6HB
#歌ってみた 　
#拡散希望
#RTした人フォローする… https://t.co/Ikr3hwRqfu",https://t.co/IjH2afqnre,"<blockquote class=""twitter-tweet"" align=""center"" data-width=""300"" data-lang=""ja"" data-theme=""dark""><p lang=""ja"" dir=""ltr"">【トキトウメイ。】青苦い日だってあるさ【 Self Cover】<br><br>歌い手が自分で曲作って歌ってみた。<br>F→ <a href=""https://t.co/FFo38sX6HB"">https://t.co/FFo38sX6HB</a><a href=""https://twitter.com/hashtag/%E6%AD%8C%E3%81%A3%E3%81%A6%E3%81%BF%E3%81%9F?src=hash&amp;ref_src=twsrc%5Etfw"">#歌ってみた</a> 　<a href=""https://twitter.com/hashtag/%E6%8B%A1%E6%95%A3%E5%B8%8C%E6%9C%9B?src=hash&amp;ref_src=twsrc%5Etfw"">#拡散希望</a><a href=""https://twitter.com/hashtag/RT%E3%81%97%E3%81%9F%E4%BA%BA%E3%83%95%E3%82%A9%E3%83%AD%E3%83%BC%E3%81%99%E3%82%8B?src=hash&amp;ref_src=twsrc%5Etfw"">#RTした人フォローする</a> <a href=""https://twitter.com/hashtag/%E6%AD%8C%E3%81%84%E6%89%8B%E3%81%95%E3%82%93MIX%E5%B8%AB%E3%81%95%E3%82%93%E7%B5%B5%E5%B8%AB%E3%81%95%E3%82%93%E5%8B%95%E7%94%BB%E5%B8%AB%E3%81%95%E3%82%93P%E3%81%95%E3%82%93%E3%81%A8%E7%B9%8B%E3%81%8C%E3%82%8A%E3%81%9F%E3%81%84?src=hash&amp;ref_src=twsrc%5Etfw"">#歌い手さんMIX師さん絵師さん動画師さんPさんと繋がりたい</a> <a href=""https://t.co/np4kJfhTEF"">pic.twitter.com/np4kJfhTEF</a></p>&mdash; トキトウメイ。＠Artist (@tokitoumei) <a href=""https://twitter.com/tokitoumei/status/1643229428724666374?ref_src=twsrc%5Etfw"">2023年4月4日</a></blockquote>
<script async src=""https://platform.twitter.com/widgets.js"" charset=""utf-8""></script>
"
1643224622379442178,きのこ@銀河録,1281261568093634560,kinruikun,"銀河録 / はるまきごはん(cover)

Full : https://t.co/eNMXsZKwmw

#歌ってみた 
#銀河録
#はるまきごはん
#歌い手さんMIX師さん絵師さん動画師さんPさんと繋がりたい https://t.co/WFd73Tm6qx",https://t.co/7Otr4r1LWk,"<blockquote class=""twitter-tweet"" align=""center"" data-width=""300"" data-lang=""ja"" data-theme=""dark""><p lang=""ja"" dir=""ltr"">銀河録 / はるまきごはん(cover)<br><br>Full : <a href=""https://t.co/eNMXsZKwmw"">https://t.co/eNMXsZKwmw</a><a href=""https://twitter.com/hashtag/%E6%AD%8C%E3%81%A3%E3%81%A6%E3%81%BF%E3%81%9F?src=hash&amp;ref_src=twsrc%5Etfw"">#歌ってみた</a> <a href=""https://twitter.com/hashtag/%E9%8A%80%E6%B2%B3%E9%8C%B2?src=hash&amp;ref_src=twsrc%5Etfw"">#銀河録</a><a href=""https://twitter.com/hashtag/%E3%81%AF%E3%82%8B%E3%81%BE%E3%81%8D%E3%81%94%E3%81%AF%E3%82%93?src=hash&amp;ref_src=twsrc%5Etfw"">#はるまきごはん</a><a href=""https://twitter.com/hashtag/%E6%AD%8C%E3%81%84%E6%89%8B%E3%81%95%E3%82%93MIX%E5%B8%AB%E3%81%95%E3%82%93%E7%B5%B5%E5%B8%AB%E3%81%95%E3%82%93%E5%8B%95%E7%94%BB%E5%B8%AB%E3%81%95%E3%82%93P%E3%81%95%E3%82%93%E3%81%A8%E7%B9%8B%E3%81%8C%E3%82%8A%E3%81%9F%E3%81%84?src=hash&amp;ref_src=twsrc%5Etfw"">#歌い手さんMIX師さん絵師さん動画師さんPさんと繋がりたい</a> <a href=""https://t.co/WFd73Tm6qx"">pic.twitter.com/WFd73Tm6qx</a></p>&mdash; きのこ@銀河録 (@kinruikun) <a href=""https://twitter.com/kinruikun/status/1643224622379442178?ref_src=twsrc%5Etfw"">2023年4月4日</a></blockquote>
<script async src=""https://platform.twitter.com/widgets.js"" charset=""utf-8""></script>
"
1643222886197481472,あおいろ🌐𓈒𓏸︎︎︎,1498503576649605125,Ao_aoiro_aO,"【歌ってみた】

妄想感傷代償連盟／DECO*27様

Vo.あおいろ×こうまく

《YouTube》
https://t.co/5i2yNvOdsm

《niconico》
https://t.co/WSDH0j1aKx… https://t.co/gYMy20AFVg",https://t.co/BRPp311T0O,"<blockquote class=""twitter-tweet"" align=""center"" data-width=""300"" data-lang=""ja"" data-theme=""dark""><p lang=""ja"" dir=""ltr"">【歌ってみた】<br><br>妄想感傷代償連盟／DECO*27様<br><br>Vo.あおいろ×こうまく<br><br>《YouTube》<a href=""https://t.co/5i2yNvOdsm"">https://t.co/5i2yNvOdsm</a><br><br>《niconico》<a href=""https://t.co/WSDH0j1aKx"">https://t.co/WSDH0j1aKx</a><a href=""https://twitter.com/hashtag/%E6%AD%8C%E3%81%84%E6%89%8B%E3%81%95%E3%82%93MIX%E5%B8%AB%E3%81%95%E3%82%93%E7%B5%B5%E5%B8%AB%E3%81%95%E3%82%93%E5%8B%95%E7%94%BB%E5%B8%AB%E3%81%95%E3%82%93P%E3%81%95%E3%82%93%E3%81%A8%E7%B9%8B%E3%81%8C%E3%82%8A%E3%81%9F%E3%81%84?src=hash&amp;ref_src=twsrc%5Etfw"">#歌い手さんMIX師さん絵師さん動画師さんPさんと繋がりたい</a><a href=""https://twitter.com/hashtag/%E6%AD%8C%E3%81%A3%E3%81%A6%E3%81%BF%E3%81%9F?src=hash&amp;ref_src=twsrc%5Etfw"">#歌ってみた</a><a href=""https://twitter.com/hashtag/%E6%8B%A1%E6%95%A3%E5%B8%8C%E6%9C%9B?src=hash&amp;ref_src=twsrc%5Etfw"">#拡散希望</a> <a href=""https://t.co/T0v6jzA1hk"">pic.twitter.com/T0v6jzA1hk</a></p>&mdash; あおいろ🌐𓈒𓏸︎︎︎ (@Ao_aoiro_aO) <a href=""https://twitter.com/Ao_aoiro_aO/status/1643222886197481472?ref_src=twsrc%5Etfw"">2023年4月4日</a></blockquote>
<script async src=""https://platform.twitter.com/widgets.js"" charset=""utf-8""></script>
"
1643219841875345408,ぬい🈂️🪬@ダーリン初投稿,1633429189784387584,nuix_x44,"【 初投稿  】

ダーリン/須田景凪 様

""はじめましてぬいです
古参になりませんか？""

＿＿＿＿＿＿＿＿＿
full▷▶︎ https://t.co/59FifH3t30… https://t.co/iXxqjRuwTV",,"<blockquote class=""twitter-tweet"" align=""center"" data-width=""300"" data-lang=""ja"" data-theme=""dark""><p lang=""ja"" dir=""ltr"">【 初投稿  】<br><br>ダーリン/須田景凪 様<br><br>&quot;はじめましてぬいです<br>古参になりませんか？&quot;<br><br>＿＿＿＿＿＿＿＿＿<br>full▷▶︎ <a href=""https://t.co/59FifH3t30"">https://t.co/59FifH3t30</a><a href=""https://twitter.com/hashtag/%E6%AD%8C%E3%81%84%E6%89%8B%E3%81%95%E3%82%93MIX%E5%B8%AB%E3%81%95%E3%82%93%E7%B5%B5%E5%B8%AB%E3%81%95%E3%82%93%E5%8B%95%E7%94%BB%E5%B8%AB%E3%81%95%E3%82%93P%E3%81%95%E3%82%93%E3%81%A8%E7%B9%8B%E3%81%8C%E3%82%8A%E3%81%9F%E3%81%84?src=hash&amp;ref_src=twsrc%5Etfw"">#歌い手さんMIX師さん絵師さん動画師さんPさんと繋がりたい</a> <a href=""https://twitter.com/hashtag/%E6%96%B0%E4%BA%BA%E6%AD%8C%E3%81%84%E6%89%8B?src=hash&amp;ref_src=twsrc%5Etfw"">#新人歌い手</a>  <a href=""https://twitter.com/hashtag/%E6%8E%A8%E3%81%97%E4%B8%8D%E5%9C%A8?src=hash&amp;ref_src=twsrc%5Etfw"">#推し不在</a>   <a href=""https://twitter.com/hashtag/%E9%85%8D%E4%BF%A1%E8%80%85?src=hash&amp;ref_src=twsrc%5Etfw"">#配信者</a>  <a href=""https://twitter.com/hashtag/%E6%AD%8C%E3%81%84%E6%89%8B?src=hash&amp;ref_src=twsrc%5Etfw"">#歌い手</a> <a href=""https://twitter.com/hashtag/%E6%8E%A8%E3%81%97%E8%BF%B7%E5%AD%90?src=hash&amp;ref_src=twsrc%5Etfw"">#推し迷子</a> <a href=""https://twitter.com/hashtag/%E6%AD%8C%E3%81%A3%E3%81%A6%E3%81%BF%E3%81%9F?src=hash&amp;ref_src=twsrc%5Etfw"">#歌ってみた</a> <a href=""https://twitter.com/hashtag/%E5%88%9D%E6%8A%95%E7%A8%BF?src=hash&amp;ref_src=twsrc%5Etfw"">#初投稿</a> <a href=""https://t.co/kRqi1yZm6q"">pic.twitter.com/kRqi1yZm6q</a></p>&mdash; ぬい🈂️🪬@ダーリン初投稿 (@nuix_x44) <a href=""https://twitter.com/nuix_x44/status/1643219841875345408?ref_src=twsrc%5Etfw"">2023年4月4日</a></blockquote>
<script async src=""https://platform.twitter.com/widgets.js"" charset=""utf-8""></script>
"
